invoice_month,account_id,subscription,service,resource_group,resource_id,region,usage_qty,unit_cost,cost
2025-08,acct-8255,sub-45,Compute,rg-place,res-2bf09d44,ukwest,308.8461,4.9851,1539.6287
2025-06,acct-3349,sub-22,AI,rg-able,res-8837b4c9,westus,209.5174,0.5674,118.8802
2025-08,acct-6306,sub-28,DB,rg-per,res-a6ed056b,eastus,364.8018,4.3056,1570.6906
2025-08,acct-8617,sub-32,Networking,rg-tree,res-1d8e9654,centralus,85.9323,1.5635,134.3552
2025-05,acct-7671,sub-6,Storage,rg-wife,res-fca90f1b,eastus,342.5121,0.7182,245.9922
2025-06,acct-7803,sub-22,DB,rg-indeed,res-c7489939,indiawest,382.0057,1.2805,489.1583
2025-08,acct-8482,sub-11,DB,rg-fear,res-ba7a142e,centralus,44.7213,3.6954,165.2631
2025-06,acct-6305,sub-40,DB,rg-wind,res-059653d7,centralus,221.5669,2.6254,581.7017
2025-08,acct-2146,sub-41,DB,rg-great,res-9da40e75,westus,465.9801,3.9865,1857.6297
2025-08,acct-5067,sub-4,DB,rg-close,res-a5daf429,eastus,346.6664,2.8394,984.3246
2025-07,acct-3761,sub-9,Networking,rg-author,res-f2ebfe26,eastus,147.8614,2.1958,324.6741
2025-06,acct-5978,sub-9,DB,rg-between,res-c12da015,ukwest,281.7096,0.7966,224.4099
2025-08,acct-9109,sub-32,AI,rg-evidence,res-1b68d2c2,centralus,137.8037,1.0997,151.5427
2025-08,acct-1765,sub-9,AI,rg-wonder,res-a08da585,westus,28.7008,0.1277,3.6651
2025-05,acct-7233,sub-27,AI,rg-skin,res-80cc1315,centralus,232.83,4.3525,1013.3926
2025-07,acct-5755,sub-43,Storage,rg-magazine,res-cf127ea6,ukwest,475.3924,1.8454,877.2891
2025-07,acct-8488,sub-23,Compute,rg-maybe,res-92d0dfa3,eastus,281.2165,3.9017,1097.2224
2025-08,acct-5609,sub-17,Networking,rg-officer,res-2378040f,westus,259.2614,3.9966,1036.1641
2025-07,acct-6087,sub-48,Storage,rg-answer,res-ca8a082d,eastus,385.5786,0.061,23.5203
2025-07,acct-4159,sub-6,Compute,rg-whom,res-8e5781d6,ukwest,246.2054,3.9199,965.1005
2025-05,acct-1140,sub-19,Networking,rg-really,res-b0540786,centralus,422.7852,3.6531,1544.4766
2025-06,acct-6725,sub-1,Compute,rg-contain,res-cd12c4f4,centralus,352.6076,4.4243,1560.0418
2025-09,acct-6642,sub-45,Compute,rg-include,res-7d6f8336,eastus,158.1321,3.9806,629.4606
2025-08,acct-3560,sub-32,Storage,rg-return,res-b16caaa8,eastus,188.5273,1.3563,255.6996
2025-07,acct-9895,sub-5,AI,rg-throughout,res-dd1f9b7c,eastus,167.1711,1.3522,226.0488
2025-09,acct-7414,sub-19,Storage,rg-some,res-dbd1fd10,centralus,178.1144,1.1187,199.2566
2025-08,acct-1429,sub-18,Networking,rg-more,res-97dde414,ukwest,236.9161,3.2201,762.8935
2025-06,acct-5798,sub-5,AI,rg-where,res-07d452f4,ukwest,220.8298,0.3736,82.502
2025-09,acct-5439,sub-3,Networking,rg-week,res-175c4e05,westus,386.9796,4.5627,1765.6718
2025-07,acct-7807,sub-39,DB,rg-paper,res-cf74b686,westus,418.0663,4.066,1699.8576
2025-08,acct-5926,sub-44,AI,rg-contain,res-6c9251c6,indiawest,241.9385,1.6031,387.8516
2025-06,acct-4791,sub-30,Compute,rg-evidence,res-494329d7,westus,244.3812,1.2078,295.1636
2025-07,acct-2089,sub-36,AI,rg-cup,res-12f68a40,centralus,379.8067,0.9988,379.3509
2025-08,acct-9551,sub-4,AI,rg-believe,res-6b2d534d,ukwest,183.9176,4.3107,792.8136
2025-06,acct-3746,sub-36,Networking,rg-have,res-bc56b43d,centralus,282.4567,2.8758,812.289
2025-08,acct-8968,sub-23,AI,rg-over,res-6bae0a41,eastus,21.2646,2.508,53.3316
2025-06,acct-8604,sub-35,Networking,rg-religious,res-ae930cae,centralus,136.3342,3.9903,544.0144
2025-07,acct-2754,sub-13,Storage,rg-also,res-dddd629e,ukwest,128.0464,1.1562,148.0472
2025-09,acct-3015,sub-8,Networking,rg-must,res-5f258eb4,indiawest,74.6386,3.5255,263.1384
2025-09,acct-7310,sub-48,AI,rg-add,res-b1811f77,eastus,308.113,4.5147,1391.0378
2025-08,acct-3582,sub-13,Compute,rg-including,res-1d6ac68e,indiawest,99.8372,3.4769,347.124
2025-07,acct-8052,sub-14,DB,rg-lead,res-342389ec,indiawest,319.1481,2.6879,857.8382
2025-09,acct-1615,sub-21,Networking,rg-discuss,res-df354cf8,westus,295.1197,2.1639,638.6095
2025-06,acct-1865,sub-25,Networking,rg-bad,res-0eea524d,indiawest,157.9469,0.4863,76.8096
2025-07,acct-3112,sub-3,Compute,rg-management,res-86e0c438,eastus,1.2126,2.4793,3.0064
2025-07,acct-1856,sub-25,DB,rg-of,res-0864f9fb,eastus,367.6569,1.6756,616.0459
2025-08,acct-7690,sub-18,Compute,rg-movie,res-c26d0818,westus,132.0669,0.4465,58.9679
2025-08,acct-7992,sub-39,DB,rg-finish,res-2bdba723,ukwest,257.5882,3.4337,884.4806
2025-06,acct-5211,sub-1,Compute,rg-participant,res-6edb641d,westus,187.1112,3.1639,592.0011
2025-06,acct-4548,sub-3,DB,rg-guy,res-df354cf8,westus,471.3865,2.5011,1178.9848
2025-07,acct-9961,sub-45,Networking,rg-lead,res-1bc46e0c,ukwest,44.4879,2.9706,132.1558
2025-06,acct-6468,sub-6,AI,rg-such,res-a0e7d396,eastus,498.3898,1.3168,656.2797
2025-08,acct-8083,sub-21,Storage,rg-brother,res-17942ad2,ukwest,180.8125,0.1206,21.806
2025-09,acct-8346,sub-39,AI,rg-consider,res-6c9251c6,ukwest,488.4371,4.3633,2131.1976
2025-08,acct-6402,sub-6,Networking,rg-need,res-2dba1660,ukwest,455.2708,3.0709,1398.0911
2025-08,acct-4289,sub-3,AI,rg-either,res-a9da2cb2,ukwest,211.2571,3.9586,836.2824
2025-05,acct-9372,sub-18,AI,rg-long,res-64a7bc43,eastus,93.8678,3.1145,292.3513
2025-06,acct-5115,sub-19,DB,rg-century,res-a4b4ca98,eastus,374.3374,0.1286,48.1398
2025-07,acct-8340,sub-1,AI,rg-upon,res-409d925a,indiawest,105.9828,3.7636,398.8769
2025-07,acct-3119,sub-26,Storage,rg-situation,res-644ad10d,eastus,424.4829,0.9577,406.5273
2025-07,acct-8720,sub-6,AI,rg-about,res-d63997a8,westus,2.0904,4.5056,9.4185
2025-08,acct-8747,sub-6,DB,rg-market,res-6acc0640,centralus,381.8703,4.3809,1672.9356
2025-06,acct-6662,sub-28,Networking,rg-tonight,res-e3574e70,indiawest,486.4583,3.7522,1825.2888
2025-06,acct-3648,sub-26,DB,rg-bit,res-d9f84233,westus,494.1851,0.1671,82.5783
2025-06,acct-5525,sub-36,AI,rg-business,res-d6549bd1,centralus,381.1892,1.8717,713.4718
2025-08,acct-5827,sub-37,Storage,rg-may,res-92d0dfa3,indiawest,175.6921,3.7434,657.6858
2025-07,acct-2662,sub-33,Compute,rg-before,res-0e561664,indiawest,43.1734,1.4717,63.5383
2025-06,acct-9025,sub-34,Compute,rg-while,res-64a7bc43,eastus,207.1206,3.3992,704.0443
2025-08,acct-9096,sub-22,AI,rg-identify,res-88e52065,centralus,41.4471,0.419,17.3663
2025-06,acct-7041,sub-41,Compute,rg-skin,res-0809487c,ukwest,13.3966,0.7987,10.6999
2025-07,acct-2073,sub-24,AI,rg-whole,res-93e5573e,centralus,61.4797,2.172,133.5339
2025-07,acct-9773,sub-5,Storage,rg-that,res-6ffe9f86,westus,223.3986,3.0849,689.1623
2025-07,acct-3866,sub-7,DB,rg-factor,res-55cc5103,indiawest,477.5656,4.9792,2377.8946
2025-06,acct-2770,sub-24,Compute,rg-firm,res-48f7679b,indiawest,8.1316,3.1282,25.4373
2025-07,acct-1706,sub-49,Networking,rg-support,res-4652205d,centralus,292.9175,1.8147,531.5574
2025-08,acct-9748,sub-42,Compute,rg-dark,res-dac3ca76,ukwest,100.9217,3.1049,313.3518
2025-06,acct-6243,sub-10,AI,rg-fall,res-cbfa70dc,indiawest,25.4215,0.3063,7.7866
2025-09,acct-8763,sub-15,DB,rg-energy,res-031f47d3,ukwest,59.2473,0.1319,7.8147
2025-06,acct-7517,sub-49,Networking,rg-with,res-549356d6,indiawest,400.7598,0.354,141.869
2025-06,acct-7658,sub-46,DB,rg-race,res-14e435c2,eastus,175.4289,3.9863,699.3122
2025-07,acct-5945,sub-25,AI,rg-able,res-4ca7196e,westus,332.2411,3.59,1192.7455
2025-08,acct-6278,sub-27,Storage,rg-enjoy,res-9734c06f,ukwest,291.2985,4.5473,1324.6217
2025-08,acct-6463,sub-22,DB,rg-government,res-30a6e669,indiawest,171.6938,4.3425,745.5803
2025-07,acct-1638,sub-6,Storage,rg-Democrat,res-be15de7f,eastus,34.1112,1.3774,46.9848
2025-07,acct-3805,sub-23,AI,rg-word,res-342389ec,ukwest,487.8481,0.7974,389.0101
2025-07,acct-3771,sub-50,Storage,rg-speech,res-f7ad5a60,eastus,195.3977,1.2673,247.6275
2025-07,acct-1088,sub-47,AI,rg-firm,res-9ec238d8,centralus,490.2631,3.9366,1929.9697
2025-09,acct-4295,sub-13,Storage,rg-ready,res-822fe7a8,indiawest,20.8017,4.0369,83.9744
2025-08,acct-4708,sub-39,Compute,rg-usually,res-027aafe8,ukwest,378.605,0.4387,166.094
2025-06,acct-7935,sub-43,Storage,rg-skill,res-494329d7,centralus,213.651,0.0904,19.3141
2025-06,acct-6788,sub-44,DB,rg-country,res-9da40e75,ukwest,409.2883,3.943,1613.8238
2025-08,acct-4188,sub-4,Networking,rg-foot,res-3f5a3f74,centralus,62.7731,1.4017,87.9891
2025-08,acct-1529,sub-39,Storage,rg-about,res-84acb67e,eastus,479.9804,2.5609,1229.1818
2025-09,acct-8858,sub-32,Networking,rg-theory,res-84df0404,centralus,118.3424,3.9501,467.4643
2025-07,acct-3719,sub-13,AI,rg-laugh,res-084b2352,centralus,278.0558,1.6664,463.3522
2025-07,acct-4976,sub-47,Storage,rg-myself,res-92d0dfa3,ukwest,179.1483,1.8723,335.4194
2025-08,acct-4076,sub-25,Networking,rg-visit,res-f80b3651,westus,107.8905,1.2176,131.3675
2025-08,acct-9880,sub-41,Storage,rg-himself,res-6edb641d,ukwest,275.1283,3.1591,869.1578
2025-07,acct-2922,sub-43,Networking,rg-per,res-b71ee703,ukwest,174.3037,2.2903,399.2078
2025-07,acct-6125,sub-45,DB,rg-whom,res-6eebb2d3,ukwest,327.0122,1.0097,330.1842
2025-07,acct-9819,sub-30,Storage,rg-commercial,res-4f88440d,westus,284.112,0.5119,145.4369
2025-08,acct-5158,sub-19,Networking,rg-employee,res-aaa8ca59,indiawest,202.5821,4.1003,830.6474
2025-08,acct-7480,sub-19,Networking,rg-book,res-a08da585,indiawest,96.8631,1.7658,171.0409
2025-08,acct-5540,sub-48,Compute,rg-small,res-1e4f416a,eastus,194.0408,2.1561,418.3714
2025-08,acct-3772,sub-31,AI,rg-politics,res-f8db96a7,indiawest,191.3884,2.6506,507.2941
2025-06,acct-7033,sub-10,Storage,rg-option,res-2c8402d5,indiawest,174.9271,1.7863,312.4723
2025-06,acct-6470,sub-38,DB,rg-company,res-570067f7,centralus,350.3582,1.1603,406.5206
2025-07,acct-9691,sub-19,DB,rg-level,res-2102c330,indiawest,152.8501,1.9821,302.9642
2025-07,acct-3712,sub-36,AI,rg-bag,res-d026d58f,eastus,9.6025,1.1222,10.7759
2025-08,acct-5339,sub-2,AI,rg-style,res-97b22b0e,centralus,455.2217,3.1546,1436.0424
2025-07,acct-8039,sub-16,DB,rg-role,res-bc85dd74,eastus,137.4361,0.0565,7.7651
2025-06,acct-3920,sub-7,AI,rg-evidence,res-5eff7a43,centralus,337.8406,2.5818,872.2369
2025-07,acct-5200,sub-32,DB,rg-pick,res-97dde414,centralus,290.1005,1.2476,361.9294
2025-05,acct-6155,sub-39,AI,rg-teacher,res-11e40ac7,ukwest,135.8915,0.9897,134.4918
2025-06,acct-3940,sub-25,DB,rg-worry,res-b6dd5ef0,eastus,90.1392,0.8851,79.7822
2025-06,acct-9487,sub-39,DB,rg-design,res-77fc7e94,indiawest,313.9172,1.146,359.7491
2025-07,acct-8966,sub-9,Compute,rg-way,res-b9bd1a1f,centralus,196.6934,1.2993,255.5637
2025-08,acct-3425,sub-48,Compute,rg-current,res-78e972be,ukwest,81.802,1.4984,122.5721
2025-07,acct-8725,sub-28,DB,rg-church,res-9734c06f,westus,29.6661,2.6075,77.3544
2025-06,acct-6641,sub-50,Compute,rg-teach,res-5fdacc92,ukwest,12.0479,2.3819,28.6969
2025-08,acct-1572,sub-17,AI,rg-him,res-2d32dab4,indiawest,235.9415,2.1629,510.3179
2025-09,acct-9383,sub-15,Storage,rg-everybody,res-84df0404,eastus,70.9126,4.5374,321.7588
2025-06,acct-6635,sub-49,AI,rg-quality,res-ff6d266a,westus,193.9297,3.7815,733.3452
2025-08,acct-8019,sub-7,AI,rg-bill,res-70f54f05,indiawest,260.7196,4.4797,1167.9456
2025-09,acct-7661,sub-25,AI,rg-represent,res-83668b1a,centralus,354.0546,1.4015,496.2075
2025-07,acct-1956,sub-30,Compute,rg-power,res-0c0dbf23,indiawest,125.3185,1.2071,151.272
2025-07,acct-8779,sub-18,Compute,rg-security,res-b0ab20be,ukwest,499.7869,2.3419,1170.4509
2025-06,acct-1390,sub-47,Storage,rg-born,res-b0904af8,eastus,492.5875,1.0391,511.8477
2025-08,acct-4556,sub-19,DB,rg-partner,res-1baf5473,westus,141.9182,3.7854,537.2172
2025-07,acct-2115,sub-15,Storage,rg-bank,res-a0ae656a,indiawest,448.265,0.1448,64.9088
2025-06,acct-1468,sub-49,Compute,rg-tree,res-1c728193,indiawest,203.1246,0.2261,45.9265
2025-07,acct-3187,sub-33,AI,rg-whole,res-56870b70,ukwest,438.6311,3.3417,1465.7735
2025-08,acct-4443,sub-3,AI,rg-shake,res-433536ed,centralus,146.3509,0.4768,69.7801
2025-08,acct-9651,sub-41,AI,rg-successful,res-c41cbcc0,centralus,403.818,2.5164,1016.1676
2025-07,acct-8986,sub-3,Compute,rg-stuff,res-e394d79e,indiawest,364.7217,1.7303,631.078
2025-09,acct-3854,sub-30,AI,rg-window,res-997f9274,westus,359.6388,4.0655,1462.1115
2025-07,acct-1247,sub-3,Storage,rg-first,res-e559876b,ukwest,387.4436,0.1102,42.6963
2025-06,acct-6786,sub-28,Compute,rg-size,res-f7da2999,eastus,18.7305,0.927,17.3632
2025-06,acct-2065,sub-37,Compute,rg-movement,res-63961e34,westus,250.7791,0.0719,18.031
2025-08,acct-8637,sub-28,AI,rg-her,res-b8dd0ae2,eastus,236.7135,1.1965,283.2277
2025-06,acct-8005,sub-39,AI,rg-some,res-5785ebf6,centralus,327.619,4.8125,1576.6664
2025-08,acct-5513,sub-16,AI,rg-represent,res-43d068a2,ukwest,195.6186,1.621,317.0978
2025-05,acct-7291,sub-2,Networking,rg-service,res-d3af815b,indiawest,193.5354,0.9609,185.9682
2025-08,acct-2935,sub-37,DB,rg-sport,res-4276916b,indiawest,430.9472,0.0918,39.561
2025-07,acct-2168,sub-34,Storage,rg-anything,res-644e6394,westus,223.3819,3.1721,708.5897
2025-09,acct-6113,sub-43,DB,rg-material,res-94d18fa9,centralus,17.8593,2.9585,52.8367
2025-06,acct-7306,sub-22,DB,rg-send,res-d3766e80,westus,293.4608,4.7267,1387.1012
2025-07,acct-8824,sub-49,Networking,rg-leader,res-c4fad343,ukwest,487.3578,2.0787,1013.0707
2025-07,acct-5983,sub-50,DB,rg-watch,res-2037ae93,centralus,154.3728,2.3252,358.9476
2025-05,acct-2684,sub-13,Storage,rg-worker,res-d01d8e21,ukwest,438.0278,4.3329,1897.9307
2025-06,acct-7100,sub-38,Storage,rg-focus,res-a8385a88,ukwest,159.9229,4.0097,641.2429
2025-06,acct-6921,sub-1,AI,rg-interest,res-cb3847b2,indiawest,80.0948,2.9657,237.5371
2025-06,acct-3092,sub-3,AI,rg-consumer,res-a25874c2,westus,357.5187,4.7023,1681.1602
2025-06,acct-3343,sub-30,Compute,rg-available,res-d9f84233,ukwest,343.4231,4.8699,1672.4362
2025-06,acct-1941,sub-35,AI,rg-success,res-1425e9ed,indiawest,399.7938,0.3981,159.1579
2025-06,acct-5613,sub-42,AI,rg-first,res-ec53e445,westus,155.7699,2.6326,410.0798
2025-08,acct-2760,sub-19,Storage,rg-morning,res-d23c6354,ukwest,369.1981,0.0847,31.2711
2025-08,acct-4660,sub-45,DB,rg-Congress,res-acec2627,centralus,14.319,4.6607,66.7366
2025-08,acct-8711,sub-32,Networking,rg-affect,res-bc90cda9,westus,262.2665,3.1982,838.7807
2025-07,acct-3252,sub-24,Networking,rg-size,res-a7811219,westus,18.3181,1.5607,28.5891
2025-06,acct-7336,sub-39,Networking,rg-approach,res-ff6d266a,centralus,342.7742,3.0921,1059.8921
2025-07,acct-3236,sub-14,AI,rg-customer,res-8c526afb,indiawest,9.343,1.6895,15.785
2025-09,acct-6688,sub-38,Networking,rg-several,res-b7f78250,eastus,271.7479,2.5233,685.7015
2025-09,acct-9093,sub-49,DB,rg-service,res-0d1faa0e,westus,394.8374,3.0369,1199.0817
2025-06,acct-6708,sub-18,Compute,rg-type,res-f3b6e5af,eastus,414.7576,4.9231,2041.8931
2025-07,acct-2646,sub-39,Compute,rg-safe,res-500663ee,eastus,70.0993,0.7578,53.1212
2025-07,acct-7385,sub-36,Storage,rg-marriage,res-380397d7,indiawest,150.8106,1.3397,202.041
2025-07,acct-1858,sub-18,Networking,rg-trade,res-c0800be2,indiawest,51.4829,3.5781,184.211
2025-07,acct-8585,sub-9,Compute,rg-office,res-cff4e9a2,centralus,490.3684,1.2962,635.6155
2025-08,acct-5622,sub-17,DB,rg-ready,res-bfc957a6,centralus,28.006,4.1956,117.502
2025-07,acct-7912,sub-47,Networking,rg-certain,res-b321d92f,eastus,152.7783,2.6159,399.6528
2025-06,acct-8398,sub-48,Compute,rg-point,res-1676a042,ukwest,90.7558,0.9573,86.8805
2025-08,acct-1947,sub-35,AI,rg-owner,res-bb618c36,centralus,448.6807,2.7465,1232.3015
2025-08,acct-5996,sub-43,Compute,rg-air,res-c124d9eb,eastus,365.7222,4.518,1652.3329
2025-08,acct-7368,sub-22,Networking,rg-who,res-644ad10d,eastus,390.8069,0.0825,32.2416
2025-08,acct-8352,sub-24,Networking,rg-away,res-b0540786,indiawest,3.4906,4.4387,15.4937
2025-08,acct-3632,sub-10,AI,rg-consumer,res-92042155,westus,67.213,2.3911,160.713
2025-06,acct-5455,sub-9,DB,rg-indicate,res-9d2ea79c,ukwest,75.7031,2.1452,162.3983
2025-05,acct-9302,sub-18,Networking,rg-mission,res-525e1b0b,centralus,167.9001,1.7018,285.7324
2025-06,acct-9183,sub-45,Storage,rg-know,res-59fa0157,westus,316.2159,1.8987,600.3991
2025-08,acct-1926,sub-8,Compute,rg-social,res-88e4ccfc,westus,349.3318,1.3205,461.2926
2025-05,acct-8678,sub-47,Compute,rg-many,res-f381d0ac,centralus,334.8571,0.2867,96.0035
2025-08,acct-1236,sub-23,DB,rg-war,res-da0d9e91,centralus,75.5846,0.8521,64.4056
2025-09,acct-8481,sub-45,Compute,rg-evening,res-1d5b2998,eastus,41.8268,2.2877,95.6872
2025-09,acct-3197,sub-26,AI,rg-prepare,res-29812148,ukwest,361.0781,3.3058,1193.652
2025-08,acct-2766,sub-31,Storage,rg-might,res-4a81cbb9,ukwest,175.6633,0.0913,16.0381
2025-08,acct-9216,sub-40,DB,rg-word,res-97b22b0e,centralus,453.2518,2.0454,927.0812
2025-07,acct-6388,sub-7,AI,rg-per,res-c83cc3df,indiawest,332.1426,1.2558,417.1047
2025-05,acct-5060,sub-38,DB,rg-theory,res-6caf42b6,indiawest,379.8799,0.6434,244.4147
2025-06,acct-4505,sub-26,DB,rg-hospital,res-ca8a082d,eastus,43.621,0.2068,9.0208
2025-08,acct-6717,sub-42,AI,rg-gun,res-a08da585,ukwest,110.7851,4.2651,472.5095
2025-07,acct-7319,sub-17,Storage,rg-people,res-6421e6ae,eastus,92.6084,2.1058,195.0148
2025-07,acct-5597,sub-18,Networking,rg-father,res-d8de8c93,indiawest,284.4889,3.0667,872.4421
2025-07,acct-4911,sub-12,Compute,rg-event,res-500663ee,centralus,428.083,4.8799,2089.0022
2025-08,acct-6405,sub-28,Networking,rg-race,res-0898981d,indiawest,434.3206,3.7517,1629.4406
2025-06,acct-4861,sub-14,Networking,rg-herself,res-1351c591,centralus,57.365,4.0304,231.2039
2025-08,acct-9418,sub-5,DB,rg-may,res-3a4e5a48,centralus,469.5101,2.1698,1018.743
2025-06,acct-2695,sub-10,Compute,rg-across,res-d8f3f3e4,westus,82.5626,1.1003,90.8436
2025-06,acct-3156,sub-21,DB,rg-institution,res-db1a9704,westus,238.6338,3.5419,845.2171
2025-08,acct-8032,sub-25,DB,rg-simple,res-e5dee615,westus,468.335,0.1206,56.4812
2025-06,acct-6239,sub-47,Networking,rg-least,res-ccd2287c,westus,34.1934,0.6543,22.3727
2025-06,acct-7186,sub-39,AI,rg-listen,res-822fe7a8,westus,354.1272,2.1387,757.3718
2025-05,acct-1049,sub-49,Storage,rg-child,res-a6eb1ed6,ukwest,447.0357,4.5713,2043.5343
2025-06,acct-7242,sub-2,DB,rg-accept,res-4413dc1e,indiawest,323.5414,1.0316,333.7653
2025-06,acct-5838,sub-5,Storage,rg-eat,res-5b9568ff,indiawest,278.7849,2.4019,669.6135
2025-07,acct-5348,sub-32,Networking,rg-crime,res-22d589b5,ukwest,154.8078,0.0212,3.2819
2025-07,acct-6273,sub-46,Storage,rg-lead,res-9ec238d8,westus,247.6773,0.1307,32.3714
2025-06,acct-6298,sub-15,Storage,rg-author,res-5def61c8,centralus,78.9734,0.8371,66.1086
2025-07,acct-8624,sub-19,AI,rg-pass,res-5def61c8,eastus,220.5576,4.1369,912.4247
2025-07,acct-6192,sub-39,AI,rg-glass,res-a1882fca,centralus,407.458,3.0128,1227.5895
2025-07,acct-6877,sub-37,Compute,rg-with,res-38be4d04,centralus,203.7085,4.7176,961.0152
2025-09,acct-5453,sub-38,DB,rg-late,res-29fda980,indiawest,35.8653,4.5656,163.7466
2025-06,acct-2388,sub-3,Compute,rg-garden,res-2340f258,eastus,213.6076,0.3516,75.1044
2025-07,acct-6901,sub-24,AI,rg-clearly,res-1989ca11,centralus,79.4474,1.2791,101.6212
2025-06,acct-2355,sub-44,Compute,rg-or,res-10398d19,westus,322.943,0.8714,281.4125
2025-06,acct-5092,sub-11,Networking,rg-go,res-d85ae4dc,westus,156.0083,2.5889,403.8899
2025-07,acct-2372,sub-7,AI,rg-western,res-c09d9df0,westus,432.8311,2.4587,1064.2018
2025-07,acct-2357,sub-33,Networking,rg-or,res-e49fa8b5,eastus,372.3447,1.0058,374.5043
2025-06,acct-3306,sub-20,DB,rg-drop,res-922ee0e3,indiawest,256.5989,2.0567,527.747
2025-07,acct-7921,sub-14,Networking,rg-mission,res-e49fa8b5,centralus,113.6649,3.6676,416.8774
2025-05,acct-4749,sub-29,Storage,rg-school,res-4d259d80,eastus,79.174,2.4778,196.1773
2025-05,acct-6978,sub-34,AI,rg-program,res-8f1c77be,ukwest,204.74,3.7892,775.8008
2025-07,acct-9036,sub-28,Networking,rg-throw,res-efa93a1b,centralus,266.0078,0.255,67.832
2025-06,acct-7905,sub-45,AI,rg-wide,res-4f88440d,eastus,454.868,4.0196,1828.3874
2025-08,acct-7479,sub-2,Compute,rg-owner,res-bc56b43d,westus,102.6896,3.5882,368.4708
2025-07,acct-1485,sub-31,DB,rg-about,res-e3574e70,indiawest,479.8285,0.7564,362.9423
2025-06,acct-5907,sub-16,Networking,rg-call,res-90461808,centralus,296.578,1.0096,299.4251
2025-06,acct-3659,sub-37,DB,rg-industry,res-90ffef2d,indiawest,43.7226,1.3222,57.81
2025-06,acct-4584,sub-15,AI,rg-through,res-5fe2169f,ukwest,341.0507,4.5278,1544.2094
2025-08,acct-3798,sub-22,Storage,rg-travel,res-4fedc9dd,ukwest,174.4179,2.084,363.4869
2025-08,acct-2126,sub-37,AI,rg-affect,res-94d18fa9,indiawest,345.5491,0.8765,302.8738
2025-08,acct-6683,sub-33,Storage,rg-individual,res-038f0f0b,eastus,60.3291,3.8906,234.7164
2025-06,acct-6502,sub-35,Compute,rg-marriage,res-1676a042,westus,455.0119,1.3392,609.3519
2025-06,acct-1822,sub-3,AI,rg-at,res-fb3dc127,indiawest,7.9952,3.8688,30.9318
2025-08,acct-3793,sub-30,Networking,rg-challenge,res-99324c3f,centralus,233.206,0.2733,63.7352
2025-05,acct-9100,sub-35,DB,rg-usually,res-9465a6a8,westus,220.2116,3.6219,797.5844
2025-07,acct-9556,sub-43,Networking,rg-have,res-11ecd3d1,indiawest,119.7073,1.9774,236.7092
2025-08,acct-3347,sub-36,AI,rg-friend,res-4b570329,indiawest,347.6339,3.6298,1261.8415
2025-08,acct-6908,sub-31,Storage,rg-thousand,res-1f69b4c4,westus,80.3965,0.5943,47.7796
2025-05,acct-6126,sub-27,DB,rg-collection,res-cbfa70dc,eastus,11.8894,3.3448,39.7677
2025-07,acct-6413,sub-37,Networking,rg-evidence,res-c83cc3df,westus,383.4908,1.3816,529.8309
2025-05,acct-5667,sub-47,Compute,rg-career,res-f7da2999,westus,3.2425,2.6204,8.4966
2025-05,acct-4328,sub-25,AI,rg-dog,res-c487673f,centralus,231.0789,2.1238,490.7654
2025-06,acct-6507,sub-19,AI,rg-economic,res-a9ff3c50,eastus,410.8635,2.9077,1194.6678
2025-08,acct-3156,sub-45,DB,rg-voice,res-c6e3b8ce,ukwest,53.0546,2.6739,141.8627
2025-06,acct-2130,sub-2,Compute,rg-try,res-cd92cf83,indiawest,179.6654,4.4585,801.0382
2025-09,acct-2014,sub-47,Networking,rg-brother,res-a4b4ca98,indiawest,497.7022,0.3892,193.7057
2025-07,acct-8733,sub-38,AI,rg-always,res-c12da015,ukwest,115.0908,0.8294,95.4563
2025-05,acct-8750,sub-17,Compute,rg-none,res-e260e087,eastus,24.724,4.3677,107.987
2025-07,acct-2145,sub-2,Compute,rg-quite,res-eabb6639,indiawest,94.4982,0.9427,89.0835
2025-05,acct-1551,sub-46,Compute,rg-toward,res-25ed07ef,eastus,258.5777,3.0912,799.3154
2025-07,acct-9912,sub-39,Storage,rg-through,res-244fe9c0,indiawest,227.1962,1.7613,400.1607
2025-09,acct-2304,sub-14,Networking,rg-among,res-ac5b1860,westus,430.8478,0.9563,412.0198
2025-07,acct-2706,sub-7,DB,rg-eye,res-5fe7d3e8,eastus,427.8616,4.1407,1771.6465
2025-08,acct-7627,sub-26,Networking,rg-reduce,res-5caaee88,indiawest,202.4216,3.4691,702.2208
2025-06,acct-1147,sub-33,Compute,rg-catch,res-fec6362c,westus,301.8434,3.1138,939.88
2025-06,acct-8496,sub-7,Networking,rg-interest,res-ad812fe5,westus,20.5964,2.013,41.4606
2025-08,acct-5971,sub-7,AI,rg-wonder,res-36241573,centralus,45.3601,0.2167,9.8295
2025-08,acct-2723,sub-30,DB,rg-everybody,res-6c9251c6,eastus,345.6936,0.6693,231.3727
2025-08,acct-2556,sub-4,Storage,rg-carry,res-37aa8412,ukwest,250.8941,1.9857,498.2004
2025-07,acct-6374,sub-25,DB,rg-full,res-ba7a142e,ukwest,24.051,1.9804,47.6306
2025-05,acct-2732,sub-7,DB,rg-interview,res-a4b4ca98,westus,323.695,3.9901,1291.5754
2025-06,acct-1865,sub-30,Networking,rg-rate,res-c8b20796,indiawest,52.9593,0.8163,43.2307
2025-09,acct-1999,sub-41,DB,rg-draw,res-c282d6eb,ukwest,157.4358,3.504,551.655
2025-08,acct-1372,sub-28,Networking,rg-right,res-6d86468c,indiawest,171.5682,3.857,661.7385
2025-07,acct-9069,sub-23,AI,rg-remember,res-5fdacc92,centralus,16.3361,4.3116,70.4347
2025-06,acct-2115,sub-27,Networking,rg-week,res-97dde414,ukwest,220.2233,2.325,512.0192
2025-09,acct-2981,sub-2,Compute,rg-hear,res-56870b70,indiawest,124.9434,4.5533,568.9048
2025-07,acct-5695,sub-45,Storage,rg-deep,res-f7ad5a60,centralus,421.1082,0.6333,266.6878
2025-05,acct-8395,sub-16,Storage,rg-poor,res-2378040f,westus,350.3711,2.5574,896.0391
2025-06,acct-3519,sub-38,AI,rg-discover,res-d1834a1e,eastus,301.5178,3.2274,973.1185
2025-06,acct-6155,sub-30,Compute,rg-and,res-c6e3b8ce,indiawest,338.1546,4.3547,1472.5618
2025-06,acct-3922,sub-32,DB,rg-loss,res-08792048,indiawest,142.3636,1.6658,237.1493
2025-08,acct-2381,sub-45,Networking,rg-assume,res-a6eb1ed6,centralus,326.7014,0.233,76.1214
2025-08,acct-4347,sub-13,Storage,rg-majority,res-d6e97317,centralus,1.021,1.2555,1.2819
2025-07,acct-1635,sub-46,Compute,rg-price,res-dab3317c,ukwest,404.7142,2.1565,872.7662
2025-07,acct-9838,sub-31,DB,rg-hour,res-75469983,eastus,69.3034,0.1129,7.8244
2025-09,acct-5809,sub-44,Networking,rg-follow,res-eabb6639,eastus,246.2745,1.6326,402.0677
2025-06,acct-9218,sub-37,Compute,rg-so,res-9d2ea79c,centralus,116.2465,4.5023,523.3766
2025-07,acct-5553,sub-1,Compute,rg-understand,res-036e9777,ukwest,43.5349,4.1757,181.7887
2025-07,acct-1764,sub-29,Storage,rg-process,res-eab058da,eastus,278.8172,2.8938,806.8412
2025-06,acct-9650,sub-31,Networking,rg-door,res-2d32dab4,eastus,404.413,3.7219,1505.1847
2025-07,acct-1748,sub-41,Compute,rg-lawyer,res-84df0404,westus,133.9237,4.1934,561.5956
2025-06,acct-2953,sub-13,Networking,rg-success,res-39ca79cd,ukwest,121.9721,3.0712,374.6007
2025-06,acct-1985,sub-50,Networking,rg-matter,res-d3af815b,westus,294.7157,4.5289,1334.7379
2025-08,acct-8710,sub-19,Networking,rg-street,res-ca9ec803,ukwest,82.5036,3.3689,277.9464
2025-06,acct-7745,sub-20,DB,rg-keep,res-30a6e669,ukwest,361.035,4.9696,1794.1995
2025-09,acct-2310,sub-6,Compute,rg-fire,res-06ae81d5,ukwest,324.1336,3.1079,1007.3748
2025-06,acct-9431,sub-8,AI,rg-camera,res-2b6861a3,ukwest,399.0385,1.1559,461.2486
2025-09,acct-4981,sub-6,Compute,rg-player,res-a08da585,centralus,432.7708,2.9033,1256.4635
2025-09,acct-2310,sub-13,DB,rg-here,res-2fce0fa0,indiawest,418.8585,3.4813,1458.1721
2025-08,acct-7521,sub-39,DB,rg-break,res-99fbe194,centralus,75.6531,0.7026,53.1539
2025-07,acct-8773,sub-14,DB,rg-partner,res-ebcedaa2,indiawest,70.4985,2.7031,190.5645
2025-06,acct-4884,sub-28,Networking,rg-imagine,res-c487673f,centralus,382.9156,0.4383,167.8319
2025-05,acct-2074,sub-23,DB,rg-quality,res-f3b6e5af,westus,414.4061,0.1056,43.7613
2025-06,acct-6368,sub-42,Networking,rg-another,res-6a502004,westus,186.418,4.5722,852.3404
2025-07,acct-8616,sub-5,AI,rg-system,res-927800a6,eastus,156.0698,2.7612,430.9399
2025-07,acct-7330,sub-50,Storage,rg-relate,res-d23c6354,indiawest,442.7856,3.4313,1519.3302
2025-08,acct-9084,sub-16,Networking,rg-at,res-75469983,eastus,160.6153,1.2542,201.4437
2025-07,acct-6517,sub-39,AI,rg-it,res-760eb27f,eastus,483.6244,0.3937,190.4029
2025-08,acct-8863,sub-49,Compute,rg-society,res-88e52065,westus,117.7752,3.5811,421.7648
2025-09,acct-8332,sub-20,Storage,rg-training,res-c487673f,indiawest,358.2589,4.8065,1721.9714
2025-08,acct-2265,sub-27,AI,rg-use,res-b098b9d6,westus,314.8225,1.7239,542.7225
2025-09,acct-3478,sub-45,DB,rg-tell,res-a6ed056b,centralus,343.1353,1.51,518.1343
2025-09,acct-5458,sub-27,Storage,rg-minute,res-4f337997,westus,61.3881,2.1323,130.8978
2025-06,acct-6125,sub-31,DB,rg-pay,res-0d2b1850,centralus,374.7027,0.1563,58.566
2025-05,acct-8709,sub-31,Compute,rg-create,res-0559466b,westus,88.7137,3.2688,289.9873
2025-09,acct-2496,sub-18,AI,rg-natural,res-bc85dd74,eastus,423.6879,4.0781,1727.8416
2025-07,acct-1480,sub-8,AI,rg-job,res-7cf82718,eastus,153.5726,1.101,169.0834
2025-07,acct-5202,sub-3,AI,rg-network,res-63190978,indiawest,129.3692,1.8761,242.7096
2025-09,acct-5989,sub-37,Storage,rg-official,res-5a44b5fa,ukwest,246.5787,2.7253,672.0009
2025-09,acct-1502,sub-20,AI,rg-on,res-445304f7,indiawest,95.2478,4.0229,383.1724
2025-07,acct-6956,sub-49,Compute,rg-current,res-5caaee88,indiawest,118.4732,2.2512,266.7069
2025-07,acct-4460,sub-9,Compute,rg-game,res-6acc0640,centralus,2.3802,2.2741,5.4128
2025-06,acct-5957,sub-12,Compute,rg-husband,res-1c23f6f4,indiawest,469.3608,3.6122,1695.4251
2025-08,acct-4309,sub-8,DB,rg-animal,res-c83cc3df,westus,155.0195,0.5554,86.0978
2025-06,acct-6536,sub-22,Networking,rg-possible,res-92d0dfa3,westus,89.6053,0.3431,30.7436
2025-08,acct-7040,sub-11,Networking,rg-nothing,res-244fe9c0,eastus,283.5848,0.7366,208.8886
2025-06,acct-5846,sub-31,AI,rg-paper,res-981ebef1,eastus,337.0042,4.5995,1550.0508
2025-08,acct-5520,sub-47,Networking,rg-guess,res-a9da2cb2,westus,381.4016,1.5099,575.8783
2025-06,acct-9969,sub-43,Compute,rg-miss,res-b1d83d19,centralus,152.5977,1.4188,216.5056
2025-08,acct-7796,sub-10,DB,rg-choice,res-8e5781d6,centralus,63.4863,2.2337,141.8093
2025-06,acct-7640,sub-24,Storage,rg-animal,res-ba412411,centralus,85.5247,4.7643,407.4653
2025-05,acct-5572,sub-28,AI,rg-author,res-9678e1c7,ukwest,36.0056,4.3599,156.9808
2025-08,acct-5286,sub-45,Networking,rg-probably,res-2cce2ab7,ukwest,224.1476,4.0081,898.406
2025-06,acct-7188,sub-15,Networking,rg-employee,res-5a69e6f0,eastus,352.0976,4.0238,1416.7703
2025-06,acct-3328,sub-8,DB,rg-citizen,res-0864f9fb,westus,251.3343,1.3498,339.251
2025-08,acct-6334,sub-22,Networking,rg-find,res-37670461,eastus,498.4663,1.0368,516.8099
2025-09,acct-9530,sub-6,Storage,rg-need,res-dc5482a6,ukwest,194.325,4.8643,945.2551
2025-09,acct-8551,sub-44,AI,rg-west,res-549356d6,westus,149.5896,0.5915,88.4822
2025-07,acct-9535,sub-30,Networking,rg-young,res-1a9e456f,centralus,291.34,2.6201,763.3399
2025-06,acct-5687,sub-15,Networking,rg-near,res-ba6af9d3,centralus,96.1638,0.9881,95.0195
2025-09,acct-8518,sub-8,Storage,rg-measure,res-11e40ac7,westus,61.4882,4.4654,274.5694
2025-06,acct-3640,sub-31,DB,rg-keep,res-0eea524d,eastus,141.0352,0.4601,64.8903
2025-06,acct-8783,sub-41,DB,rg-brother,res-cb8567ce,westus,79.9341,2.2734,181.7222
2025-07,acct-5171,sub-10,Networking,rg-whether,res-db8d9d1a,eastus,374.5106,1.4396,539.1455
2025-06,acct-7710,sub-15,Compute,rg-these,res-c8b20796,ukwest,185.9339,2.3195,431.2737
2025-07,acct-5686,sub-1,Compute,rg-growth,res-525e1b0b,centralus,169.381,3.9059,661.5852
2025-06,acct-7700,sub-8,AI,rg-million,res-63940788,centralus,202.9422,2.9508,598.8418
2025-08,acct-6882,sub-16,Storage,rg-break,res-56c31594,eastus,237.7328,0.7215,171.5242
2025-06,acct-6891,sub-47,AI,rg-him,res-e394d79e,ukwest,462.0171,3.6832,1701.7014
2025-06,acct-5990,sub-31,AI,rg-firm,res-1d6ac68e,indiawest,420.7853,0.8667,364.6946
2025-06,acct-4313,sub-27,DB,rg-life,res-c9002b02,ukwest,127.3972,0.5261,67.0237
2025-06,acct-8224,sub-35,DB,rg-live,res-bc90cda9,westus,178.1082,1.6586,295.4103
2025-09,acct-9800,sub-23,Compute,rg-her,res-c8b20796,eastus,332.0175,3.8582,1280.9899
2025-09,acct-9628,sub-40,DB,rg-the,res-e559876b,westus,168.5311,4.9718,837.9029
2025-09,acct-2561,sub-24,Storage,rg-wish,res-c3051511,centralus,51.022,1.6756,85.4925
2025-05,acct-6693,sub-41,AI,rg-behind,res-63940788,eastus,197.1163,0.4408,86.8889
2025-08,acct-3601,sub-18,Compute,rg-full,res-5a5cae5c,westus,420.2671,3.3188,1394.7825
2025-05,acct-4222,sub-20,DB,rg-character,res-f8db96a7,indiawest,449.8948,1.2202,548.9616
2025-06,acct-1799,sub-17,Networking,rg-hotel,res-a1546628,westus,178.2202,1.8181,324.0221
2025-05,acct-5339,sub-23,Compute,rg-year,res-da155474,westus,435.3038,1.1369,494.8969
2025-08,acct-8283,sub-29,Storage,rg-partner,res-0559466b,centralus,153.9455,2.1693,333.954
2025-08,acct-7085,sub-5,AI,rg-strategy,res-997f9274,westus,318.3907,4.4061,1402.8613
2025-05,acct-7803,sub-5,DB,rg-consumer,res-2183e78a,westus,101.7995,2.6971,274.5634
2025-08,acct-5272,sub-29,DB,rg-itself,res-52ea5fb1,westus,316.5117,1.9639,621.5973
2025-09,acct-4447,sub-42,AI,rg-see,res-0a38c40f,eastus,380.1565,1.0509,399.5065
2025-06,acct-1881,sub-7,Storage,rg-fast,res-5a33544b,ukwest,363.4348,4.6536,1691.2802
2025-06,acct-1664,sub-24,Networking,rg-list,res-08dae976,eastus,369.9539,1.5524,574.3164
2025-05,acct-5749,sub-28,DB,rg-dinner,res-5caaee88,indiawest,417.4726,4.6121,1925.4254
2025-05,acct-3296,sub-43,Networking,rg-inside,res-4910c819,eastus,234.0494,3.4342,803.7724
2025-09,acct-7564,sub-31,Compute,rg-arrive,res-2d32dab4,westus,177.0677,1.3508,239.183
2025-07,acct-4556,sub-8,Compute,rg-much,res-e5a7d0a8,indiawest,497.4642,2.0624,1025.9702
2025-09,acct-8419,sub-30,Storage,rg-both,res-f989657a,ukwest,105.3027,1.1264,118.613
2025-08,acct-7357,sub-12,Networking,rg-sing,res-31b54d01,eastus,312.1477,0.2567,80.1283
2025-06,acct-9987,sub-42,Compute,rg-bring,res-549356d6,centralus,455.4446,2.2424,1021.289
2025-08,acct-1109,sub-37,Compute,rg-unit,res-1ffd928e,ukwest,203.3795,4.9844,1013.7248
2025-09,acct-2250,sub-10,Storage,rg-free,res-500663ee,ukwest,274.1408,3.1751,870.4245
2025-05,acct-3190,sub-17,Compute,rg-again,res-c12da015,indiawest,76.3756,4.0278,307.6256
2025-09,acct-8559,sub-12,Compute,rg-produce,res-d1b0d669,ukwest,470.6952,4.9568,2333.142
2025-09,acct-6046,sub-11,Networking,rg-market,res-5def61c8,indiawest,106.4715,1.4889,158.5254
2025-08,acct-3846,sub-28,Storage,rg-trouble,res-b5b7539e,westus,87.8635,0.3505,30.7962
2025-08,acct-2049,sub-3,AI,rg-prepare,res-9681feaa,indiawest,278.2955,0.4201,116.9119
2025-08,acct-1103,sub-46,AI,rg-become,res-822fe7a8,westus,179.4625,3.1625,567.5502
2025-06,acct-9966,sub-16,Networking,rg-class,res-a4b4ca98,westus,265.8169,4.464,1186.6066
2025-09,acct-2124,sub-30,AI,rg-likely,res-c09ffb02,indiawest,371.5474,2.8354,1053.4855
2025-09,acct-6355,sub-21,Networking,rg-recent,res-30a6e669,centralus,452.972,3.5691,1616.7024
2025-05,acct-7304,sub-10,DB,rg-join,res-c83cc3df,indiawest,208.4694,2.685,559.7403
2025-07,acct-1002,sub-13,Networking,rg-wife,res-533b67ae,indiawest,458.9492,2.5494,1170.0451
2025-09,acct-5061,sub-49,Storage,rg-economic,res-409d925a,ukwest,396.6115,0.9367,371.506
2025-06,acct-8085,sub-38,Compute,rg-water,res-83867f23,ukwest,81.0276,3.064,248.2686
2025-05,acct-1801,sub-31,AI,rg-star,res-dd5aba00,westus,82.4478,3.1839,262.5056
2025-06,acct-1807,sub-21,Storage,rg-hope,res-4857294a,indiawest,307.4359,2.998,921.6928
2025-09,acct-1123,sub-43,Networking,rg-paper,res-9560782c,centralus,475.8477,3.0775,1464.4213
2025-07,acct-5255,sub-50,Storage,rg-final,res-c9ba79d1,eastus,304.707,2.2663,690.5575
2025-09,acct-7195,sub-1,Storage,rg-money,res-ca001e2d,ukwest,213.8219,0.1166,24.9316
2025-08,acct-3157,sub-16,DB,rg-service,res-03263477,ukwest,137.194,4.8112,660.0678
2025-08,acct-8819,sub-48,AI,rg-spring,res-11e40ac7,eastus,41.4074,4.6408,192.1635
2025-07,acct-4529,sub-38,AI,rg-easy,res-527b3720,centralus,120.5609,0.5492,66.212
2025-08,acct-5183,sub-37,AI,rg-discover,res-d39c7abe,eastus,209.9485,3.8533,808.9946
2025-08,acct-9950,sub-45,Storage,rg-senior,res-50a48dd1,centralus,256.8511,3.8104,978.7054
2025-09,acct-5223,sub-27,AI,rg-raise,res-b1d83d19,westus,172.405,1.1873,204.6965
2025-08,acct-8023,sub-50,DB,rg-production,res-5fe7d3e8,eastus,142.5079,1.8158,258.7658
2025-06,acct-4319,sub-29,Compute,rg-soldier,res-52ea5fb1,indiawest,116.3851,3.4765,404.6128
2025-08,acct-8059,sub-48,Networking,rg-listen,res-3e5cd9a1,ukwest,494.761,3.544,1753.433
2025-05,acct-8319,sub-40,Compute,rg-politics,res-88e4ccfc,indiawest,221.3362,2.9457,651.99
2025-05,acct-2087,sub-10,Networking,rg-central,res-549356d6,indiawest,168.5695,3.392,571.7877
2025-09,acct-4261,sub-28,Networking,rg-human,res-6edb641d,westus,267.3557,3.8309,1024.213
2025-05,acct-7237,sub-11,Networking,rg-arrive,res-be15de7f,ukwest,364.2864,3.5127,1279.6288
2025-06,acct-5896,sub-9,AI,rg-knowledge,res-2378040f,ukwest,312.2266,2.6887,839.4837
2025-08,acct-6552,sub-41,DB,rg-low,res-0a245b83,ukwest,155.6834,2.447,380.9573
2025-09,acct-2225,sub-27,AI,rg-happy,res-d74b90bd,indiawest,69.1931,4.1916,290.0298
2025-06,acct-3145,sub-35,AI,rg-age,res-dcc252dc,westus,449.2516,0.0609,27.3594
2025-06,acct-3061,sub-37,DB,rg-life,res-c4260cb4,eastus,333.1493,0.0196,6.5297
2025-09,acct-4378,sub-40,Compute,rg-best,res-c1750a39,indiawest,304.3048,1.9436,591.4468
2025-06,acct-9186,sub-49,Networking,rg-instead,res-c372a952,eastus,74.4917,4.3899,327.0111
2025-05,acct-5382,sub-15,AI,rg-above,res-c7547c7e,indiawest,440.8164,1.5174,668.8948
2025-06,acct-9766,sub-38,AI,rg-Democrat,res-b6240135,centralus,259.0973,3.6293,940.3418
2025-08,acct-8471,sub-24,Networking,rg-begin,res-bc90cda9,ukwest,476.8027,2.4667,1176.1292
2025-08,acct-6447,sub-6,DB,rg-than,res-3153d735,westus,81.96,0.2159,17.6952
2025-06,acct-7475,sub-32,Storage,rg-lot,res-d6a0780a,centralus,148.7393,0.4668,69.4315
2025-08,acct-8102,sub-15,DB,rg-avoid,res-08dae976,westus,161.8907,2.3357,378.1281
2025-05,acct-5252,sub-15,Storage,rg-loss,res-966e4b57,eastus,337.1828,4.3547,1468.3299
2025-07,acct-1711,sub-21,Networking,rg-teacher,res-157ddf3e,eastus,140.2289,1.1643,163.2685
2025-05,acct-6726,sub-10,AI,rg-follow,res-0d2b1850,westus,499.2649,4.007,2000.5545
2025-06,acct-3044,sub-44,Storage,rg-quality,res-47675ca7,centralus,24.2279,3.7784,91.5427
2025-08,acct-1990,sub-11,Compute,rg-but,res-cd12c4f4,centralus,46.5575,0.4224,19.6659
2025-07,acct-1663,sub-25,Networking,rg-whose,res-f7d4f7ba,westus,260.7267,1.4277,372.2395
2025-09,acct-4669,sub-22,Compute,rg-head,res-0c0dbf23,centralus,264.8854,3.8717,1025.5568
2025-07,acct-3685,sub-23,Storage,rg-too,res-bc85dd74,eastus,392.6356,0.2111,82.8854
2025-06,acct-3070,sub-39,AI,rg-receive,res-30258a33,indiawest,374.8565,3.8627,1447.9582
2025-06,acct-1060,sub-30,DB,rg-method,res-cff4e9a2,westus,66.7414,3.3477,223.4302
2025-08,acct-2594,sub-18,Storage,rg-market,res-9d2ea79c,indiawest,369.773,4.6891,1733.9026
2025-08,acct-1727,sub-3,Storage,rg-really,res-0c0dbf23,eastus,51.1945,4.2124,215.6517
2025-08,acct-2734,sub-17,Compute,rg-difference,res-6a560cb9,eastus,331.7438,1.6715,554.5098
2025-05,acct-9741,sub-2,Networking,rg-would,res-f3e99a75,centralus,71.8627,1.7077,122.7199
2025-08,acct-3964,sub-18,DB,rg-real,res-1a9e456f,ukwest,3.2943,4.0936,13.4855
2025-08,acct-2563,sub-46,Networking,rg-wall,res-df354cf8,centralus,194.2854,0.0149,2.8949
2025-08,acct-5365,sub-20,Compute,rg-standard,res-d36a0426,westus,499.0326,0.7615,380.0133
2025-09,acct-3555,sub-30,DB,rg-idea,res-027aafe8,westus,19.8609,3.9914,79.2728
2025-08,acct-2768,sub-14,DB,rg-cultural,res-84df0404,westus,340.3908,2.1269,723.9772
2025-09,acct-4068,sub-50,Networking,rg-part,res-2c3e335f,indiawest,490.6407,4.0228,1973.7494
2025-06,acct-7315,sub-50,Storage,rg-level,res-efa93a1b,ukwest,451.8482,3.1698,1432.2684
2025-08,acct-5495,sub-28,Compute,rg-front,res-634c9dcf,indiawest,195.5627,2.2413,438.3147
2025-07,acct-3419,sub-22,Storage,rg-see,res-79b7a29d,eastus,173.0264,1.2447,215.366
2025-09,acct-2944,sub-40,AI,rg-exactly,res-9bbacbe7,westus,486.6501,2.1978,1069.5596
2025-07,acct-9203,sub-25,DB,rg-perform,res-89c22e7f,indiawest,58.8192,0.04,2.3528
2025-06,acct-7475,sub-43,DB,rg-assume,res-8d07f644,westus,118.106,2.412,284.8717
2025-08,acct-4306,sub-22,Networking,rg-near,res-140604f3,ukwest,70.1537,4.9967,350.537
2025-07,acct-4503,sub-3,Storage,rg-stand,res-84df0404,eastus,101.3506,3.8905,394.3045
2025-06,acct-5428,sub-8,Compute,rg-between,res-e712cc4c,ukwest,55.9006,2.7721,154.9621
2025-08,acct-8314,sub-27,AI,rg-throw,res-72254aa6,indiawest,241.9052,3.8284,926.1099
2025-07,acct-7477,sub-6,Networking,rg-able,res-549356d6,ukwest,254.9306,2.237,570.2798
2025-06,acct-2058,sub-32,Compute,rg-material,res-97b22b0e,eastus,166.3369,3.4811,579.0354
2025-07,acct-3448,sub-11,DB,rg-product,res-b3376c8f,westus,154.5468,3.3692,520.6991
2025-06,acct-6952,sub-30,DB,rg-pull,res-c6e3b8ce,eastus,214.0138,2.7903,597.1627
2025-06,acct-5840,sub-23,AI,rg-single,res-cd12c4f4,westus,294.3697,0.8164,240.3234
2025-09,acct-8468,sub-49,DB,rg-through,res-0898981d,westus,311.9412,1.1046,344.5702
2025-06,acct-8620,sub-12,Networking,rg-father,res-006b2e64,westus,128.081,2.3734,303.9874
2025-08,acct-4772,sub-50,DB,rg-participant,res-75eb51e4,eastus,60.4984,1.9673,119.0185
2025-07,acct-7768,sub-37,AI,rg-plan,res-533b67ae,westus,230.6396,2.1726,501.0876
2025-09,acct-6793,sub-2,Networking,rg-establish,res-0c0dbf23,westus,183.3308,0.0933,17.1048
2025-07,acct-9969,sub-30,Networking,rg-national,res-da6ea162,centralus,150.4094,0.1188,17.8686
2025-06,acct-4535,sub-7,Compute,rg-ability,res-036e9777,westus,394.4354,0.3458,136.3958
2025-06,acct-3241,sub-22,Networking,rg-guess,res-3e1a9a3e,indiawest,103.6796,3.4742,360.2037
2025-05,acct-3269,sub-27,Compute,rg-serve,res-5caaee88,ukwest,291.8155,0.9015,263.0717
2025-09,acct-8989,sub-34,Storage,rg-continue,res-d5472bfc,centralus,32.2455,4.8749,157.1936
2025-07,acct-3641,sub-10,DB,rg-job,res-b1d83d19,ukwest,100.5556,3.2355,325.3476
2025-09,acct-4465,sub-20,Storage,rg-notice,res-189ca6f3,westus,474.3418,0.8557,405.8943
2025-07,acct-9108,sub-14,Compute,rg-base,res-dcc252dc,ukwest,480.9529,4.4046,2118.4051
2025-07,acct-3984,sub-36,Storage,rg-far,res-c71a2a2f,indiawest,70.2407,3.7921,266.3598
2025-07,acct-5314,sub-11,Storage,rg-until,res-11e40ac7,ukwest,133.6677,2.4895,332.7657
2025-06,acct-1187,sub-10,Networking,rg-keep,res-4d6381e2,indiawest,90.9454,0.0218,1.9826
2025-05,acct-8948,sub-43,Storage,rg-my,res-01c8587c,ukwest,163.7173,1.6494,270.0353
2025-07,acct-8608,sub-23,DB,rg-government,res-0d153dc5,westus,425.3704,2.7657,1176.4469
2025-09,acct-7344,sub-36,Compute,rg-practice,res-77ecadad,westus,103.4198,4.5324,468.7399
2025-06,acct-9401,sub-46,Networking,rg-herself,res-9fb43dc8,centralus,465.3536,3.6398,1693.794
2025-07,acct-4236,sub-34,Compute,rg-board,res-06ae81d5,indiawest,131.8948,1.7425,229.8267
2025-07,acct-2432,sub-9,Networking,rg-late,res-ed6eb03c,indiawest,194.858,1.0855,211.5184
2025-09,acct-9316,sub-32,Storage,rg-or,res-a1546628,ukwest,351.6093,4.7125,1656.9588
2025-07,acct-3603,sub-42,Networking,rg-short,res-a50b8764,ukwest,267.2554,2.0766,554.9826
2025-07,acct-5256,sub-34,Compute,rg-beautiful,res-52365b97,centralus,465.7853,1.2494,581.9522
2025-08,acct-6635,sub-9,Storage,rg-collection,res-0d2b1850,centralus,260.7752,1.6257,423.9422
2025-06,acct-2281,sub-38,Storage,rg-professor,res-6af4edfb,ukwest,81.907,4.3494,356.2463
2025-09,acct-5296,sub-16,Compute,rg-seek,res-0bce5717,indiawest,82.9583,4.1005,340.1705
2025-09,acct-5517,sub-14,AI,rg-eye,res-d01d8e21,indiawest,307.384,4.6133,1418.0546
2025-08,acct-1496,sub-48,DB,rg-media,res-500663ee,centralus,380.3639,1.338,508.9269
2025-06,acct-7331,sub-35,DB,rg-forward,res-7cf82718,indiawest,399.9472,4.5661,1826.1989
2025-07,acct-5660,sub-6,DB,rg-church,res-7616123e,ukwest,178.7118,0.6161,110.1043
2025-07,acct-5720,sub-23,Compute,rg-common,res-7c646896,westus,351.4866,2.6765,940.7539
2025-09,acct-8294,sub-48,Compute,rg-game,res-8bdf405b,indiawest,51.9923,1.6999,88.3817
2025-07,acct-5998,sub-41,Storage,rg-owner,res-0559466b,eastus,310.3368,2.9253,907.8282
2025-07,acct-8564,sub-10,AI,rg-phone,res-b098b9d6,westus,372.0278,4.6641,1735.1749
2025-09,acct-7025,sub-21,Compute,rg-cost,res-7283d64d,centralus,443.1046,2.3951,1061.2798
2025-06,acct-4065,sub-24,AI,rg-health,res-e0ca4a64,westus,202.0945,4.2391,856.6988
2025-08,acct-7766,sub-48,AI,rg-rather,res-08bc5eb9,eastus,206.7472,4.3194,893.0239
2025-07,acct-2489,sub-15,AI,rg-easy,res-37aa8412,centralus,295.3182,0.02,5.9064
2025-08,acct-7456,sub-49,DB,rg-may,res-0398b59f,centralus,243.8917,2.6138,637.4841
2025-07,acct-6841,sub-28,Compute,rg-kitchen,res-84335ee3,centralus,291.0992,3.8398,1117.7627
2025-06,acct-3294,sub-49,Networking,rg-include,res-e4d452c2,indiawest,346.7447,1.8076,626.7757
2025-08,acct-4062,sub-7,Networking,rg-course,res-bef38655,ukwest,52.0393,3.5428,184.3648
2025-06,acct-4069,sub-47,Storage,rg-owner,res-e49fa8b5,westus,341.0316,2.2944,782.4629
2025-08,acct-4053,sub-22,AI,rg-data,res-f340f50c,westus,393.6997,2.3811,937.4384
2025-07,acct-4111,sub-28,Storage,rg-public,res-6cd6c7dd,indiawest,189.6279,2.9687,562.9483
2025-06,acct-7057,sub-18,Storage,rg-organization,res-37aa8412,ukwest,428.4695,4.384,1878.4103
2025-05,acct-8075,sub-2,Compute,rg-key,res-446ff979,indiawest,202.5382,2.0979,424.9049
2025-09,acct-4365,sub-46,Storage,rg-anyone,res-2a8eeafc,eastus,274.1683,0.5932,162.6366
2025-09,acct-6820,sub-50,Storage,rg-oil,res-afb7fc3c,centralus,67.9847,1.1628,79.0526
2025-09,acct-5521,sub-34,Networking,rg-could,res-55fb5ced,indiawest,121.2685,0.4914,59.5913
2025-07,acct-3461,sub-47,AI,rg-country,res-869799e4,ukwest,288.5115,2.808,810.1403
